{
  "description": "This is a system generated manifest of files expected to be present in this zip. It can be safely deleted.",
  "metadata": {
    "generated_at": "2025-03-07T10:20:12+00:00",
    "trigger": {
      "file_hashid": "unknown",
      "action": "unknown"
    }
  },
  "manifest": [
    {
      "filename": "trainperf.csv",
      "filesize": 586424,
      "description": "Train contains the target. This is the dataset that you will use to train your model.",
      "created_at": "2018-10-08 09:21:20 UTC",
      "updated_at": "2025-03-07 10:20:08 UTC"
    },
    {
      "filename": "testprevloans.zip",
      "filesize": 295712,
      "description": "Test resembles Train.csv but without the target-related columns. This is the dataset on which you will apply your model to.",
      "created_at": "2018-10-11 03:46:08 UTC",
      "updated_at": "2025-03-07 10:20:03 UTC"
    },
    {
      "filename": "trainprevloans.zip",
      "filesize": 912244,
      "description": "Train contains the target. This is the dataset that you will use to train your model.",
      "created_at": "2018-10-11 03:46:15 UTC",
      "updated_at": "2025-03-07 10:20:12 UTC"
    },
    {
      "filename": "SampleSubmission.csv",
      "filesize": 52226,
      "description": "This shows the submission format for this competition, with the ‘ID’ column mirroring that of Test.csv and the ‘target’ column containing your predictions. The order of the rows does not matter, but the names of the ID must be correct.",
      "created_at": "2018-10-08 09:20:54 UTC",
      "updated_at": "2022-11-23 10:01:23 UTC"
    },
    {
      "filename": "testdemographics.csv",
      "filesize": 162634,
      "description": "Test resembles Train.csv but without the target-related columns. This is the dataset on which you will apply your model to.",
      "created_at": "2018-10-08 09:21:05 UTC",
      "updated_at": "2025-03-07 10:20:05 UTC"
    },
    {
      "filename": "testperf.csv",
      "filesize": 119319,
      "description": "Test resembles Train.csv but without the target-related columns. This is the dataset on which you will apply your model to.",
      "created_at": "2018-10-08 09:21:06 UTC",
      "updated_at": "2025-03-07 10:20:00 UTC"
    },
    {
      "filename": "traindemographics.csv",
      "filesize": 474859,
      "description": "Train contains the target. This is the dataset that you will use to train your model.",
      "created_at": "2018-10-08 09:21:34 UTC",
      "updated_at": "2025-03-07 10:20:09 UTC"
    }
  ]
}